estado_id,uf,estado,regiao
12,AC,Acre,Norte
27,AL,Alagoas,Nordeste
16,AP,Amapá,Norte
13,AM,Amazonas,Norte
29,BA,Bahia,Nordeste
23,CE,Ceará,Nordeste
53,DF,Distrito Federal,Centro-Oeste
32,ES,Espírito Santo,Sudeste
52,GO,Goiás,Centro-Oeste
21,MA,Maranhão,Nordeste
51,MT,Mato Grosso,Centro-Oeste
50,MS,Mato Grosso do Sul,Centro-Oeste
31,MG,Minas Gerais,Sudeste
15,PA,Pará,Norte
25,PB,Paraíba,Nordeste
41,PR,Paraná,Sul
26,PE,Pernambuco,Nordeste
22,PI,Piauí,Nordeste
33,RJ,Rio de Janeiro,Sudeste
24,RN,Rio Grande do Norte,Nordeste
43,RS,Rio Grande do Sul,Sul
11,RO,Rondônia,Norte
14,RR,Roraima,Norte
42,SC,Santa Catarina,Sul
35,SP,São Paulo,Sudeste
28,SE,Sergipe,Nordeste
17,TO,Tocantins,Norte
