ano,decada,tem_cobertura,tem_focos
1985,1980s,True,False
1986,1980s,True,False
1987,1980s,True,False
1988,1980s,True,False
1989,1980s,True,False
1990,1990s,True,False
1991,1990s,True,False
1992,1990s,True,False
1993,1990s,True,False
1994,1990s,True,False
1995,1990s,True,False
1996,1990s,True,False
1997,1990s,True,False
1998,1990s,True,True
1999,1990s,True,True
2000,2000s,True,True
2001,2000s,True,True
2002,2000s,True,True
2003,2000s,True,True
2004,2000s,True,True
2005,2000s,True,True
2006,2000s,True,True
2007,2000s,True,True
2008,2000s,True,True
2009,2000s,True,True
2010,2010s,True,True
2011,2010s,True,True
2012,2010s,True,True
2013,2010s,True,True
2014,2010s,True,True
2015,2010s,True,True
2016,2010s,True,True
2017,2010s,True,True
2018,2010s,True,True
2019,2010s,True,True
2020,2020s,True,True
2021,2020s,True,True
2022,2020s,True,True
2023,2020s,True,True
2024,2020s,True,True
2025,2020s,True,True
